id,date,product,category,price,quantity,status,city
1,2026-09-01,AirPods,Audio,2190,2,completed,Samara
2,2026-09-01,Watch,Wearables,3500,1,completed,Moscow
3,2026-09-02,Dyson,Home,4500,2,completed,Samara
4,2026-09-02,Cable,Accessories,500,5,completed,Kazan
5,2026-09-03,AirPods,Audio,2100,3,completed,Moscow
6,2026-09-03,Watch,Wearables,wrong,1,completed,Samara
7,2026-09-04,Dyson,Home,4300,0,completed,Moscow
8,2026-09-04,Cable,Accessories,-500,2,completed,Samara
9,2026-09-05,AirPods,Audio,2200,two,completed,Kazan
10,2026-09-05,Watch,Wearables,3300,2,cancelled,Moscow
11,2026-09-06,Dyson,Home,4700,1,completed,
12,2026-09-06,Cable,Accessories,550,4,completed,Samara
13,2026-09-07,,Audio,2300,1,completed,Moscow
14,2026-09-07,Watch,Wearables,3400,2,completed,Kazan
15,2026-09-08,AirPods,Audio,,2,completed,Samara